review,rating
"Warna:sesuai pesanan
Tampilan:ok

Saya sdh pesan 2 dan sesuai pesanan. Amanah dan ok bgt",5
"Tampilan:barang nya ok,,gk tipis cuma ada noda du bagian celana depan dan belakang tpi gak papa,,lumayan lah buat sehari hari mah
Warna:saya minta warna dusty pink tpi yg nympe lilac",1
"Warna:Navy
Tampilan:Oke

Paket sudah sampai,bagus cuman tipis,ntar di rangkep kaos klo makai,terimakasih",5
pesen nya warna coklat yg datang klu menurut sy si itu warna krem bukan coklat,1
"Warna:abu

pesen warna abu yang dateng warna hitam",1
"Tampilan:bagus
Warna:sesuai",5
Warna:kecewa bgt mnta wrna merah dkirim ungu,1
Barang bagusss. seller amanah. Yg dikirim sesuai apa yang di pesan..... Pengiriman cepatt sekali,1
"Sepadan dengan Uang:Jelek kaya baju harga 10 ribuan

Jangan mau beli baju di toko ini sumpah jelek banget kaya baju harga 10 ribuan, tipis banget dan gak amanah juga pesan warna abu yg di kirim warna Dongker, masih mending walaupun kualitas jelek tapi warna sesuai jadi sedikit amanah.

Buat kalian yg mau order disini mending gak usah kalau kalian gak mau nyesel",1
"Saran Tampilan:gdhd
Kualitas:hs
Styling:hd

Yg d.pesan warna abu yg datang warna navy..ğŸ˜
Tdk ada konfirmasi dulu kalo barang.nya d.ganti",1
"Styling:jelek tdk puas
Kualitas:tidak bagus
Pas untuk Acara:enggak ada pantes  dipakai untuk acara",1
"Kualitas:biasa
Sepadan dengan Uang : murah
Kenyamanan : kekecilan untuk badan ku yang Ukuran BB 67

Kekecilan tidak muat untuk BB 67",1
"Sepadan dengan Uang:apaan sepadan
Pas untuk Acara:gak sesuai
Styling:beda banget

Kagak sesuai dengan model nya mana robek lagi bajunya",1
"Sepadan dengan Uang:iya
Kenyamanan:kurang nyaman

Katanya LD 115,tapi kenapa ya gak muat cardi nya, saya LD cuma 105 .
Tolong perhatikan lgi ya, saya sudah nengok deskripsi sblum membeli tapi yg datang kekecilan",0
"Kualitas:bahan tidak sama seperti di gambar

Warna kurang pas pesan coklat datang coksu tapi tetap bagus suka kok",1
"Saran Tampilan:bagus
Pas untuk Acara:pergi saja
Kenyamanan:nyaman bngt

Bagus sesuai gmbar sesuai juga dengan harga y baju y muat celana y ketet bgt tp GPP lah bagus juga",1
"Styling:lumayan

Bahan tipis sesuai lah sama harganya..
Pengiriman cepat
Kurir ramah baik",1
Gk sesuai warna yg di pesan....sangat buruk pengiriman jg lama.,-1
"Kualitas:baik
Saran Tampilan:warna nya bukan maroon . tp merah biasa .",1
"Kenyamanan:bagus
Kualitas:baik
Saran Tampilan:mantap

Salah warna nya tpi bgus",0
"Sepadan dengan Uang:lumayan sesuai harga
Styling:kurang besar",0
"Sepadan dengan Uang:tidak
Kenyamanan:tidak
Saran Tampilan:lumayan",-1
"Pas untuk Acara:-
Saran Tampilan:nerawang
Kenyamanan:-",0
"Saran Tampilan:bugus
Pas untuk Acara:ap saja

Bugus sih.. TPI kain nx tipis dan baju nx pendak lagi...",0
Saran Tampilan:tak sesuai dgn gambar sangat kacewa,0
Barangnya sudah sampai kirain barangnya sama warnanya kayak di foto ternyata tidak,1
"Kualitas:Aku pesan,hijau,yg datng malah warna ungu",-1
"Pas untuk Acara:jelek
Saran Tampilan:jelek bahanya",-1
"Saran Tampilan:bagus
Kualitas:bagus

Apabila warna yang dipesan habis, segera konfirmasi lah, jangan asal kirim",1
"Pesan warna apa dapatnya warna apa, padahal pesan warna navy dapatnya warna hitamğŸ˜©",-1
"Styling:pesanan sudah mendarat dengan selamat..
Kualitas:hmmm kwalitas gak banget ğŸ¤­
Pas untuk Acara:malu makai nya ğŸ¤­",1
"Sedikit kecewa di pesan abu2 kok yg datang warna hitam,",0
"Kualitas:jelek
Styling:jelek

Tidak sesuai harga bahanx tipis dan jelek",-1
"Kenyamanan:bahannya tipis terawang ğŸ¤£
Saran Tampilan:celananya terlalu pas banget klau mau duduk takut sobek",0
"Pas untuk Acara:bagus
Saran Tampilan:bagus
Kualitas:bagus

Alhamdulillah amanah",1
"Kenyamanan:tidak sesuai do gambar
Sepadan dengan Uang:kainya tipis, tidak sesuai dengan uang",0
Hanya saja pengemasan nya berantakan didalem nya lipatan nya gak rapi,1
"Kualitas:Kain tipis
Kenyamanan:kurang

pesanan gk sesuaiğŸ˜¢",1
"Pas untuk Acara:d rumah
Kualitas:kurang tidak sesuai order warnanya

Kecewa gk sesuai ekspetasi dan gk sesuai warna yg saya order",-1
Bahan lumayan bagus tpi kecewa siii yg d psan warna army yg DTG Mala warna ungu,0
mf baru kasih ulasan.bahan bagus.tar beli lgi,5
"baju nya bagus banget, sangat pas, warna nya sesuai banget sama pesanan.... 
",5
"Real pic,,,bgusss bgd,,,kurir juga ramah,,mkcihh",5
"barangnya sudah sampai dan bahannya baguss,  sesuai pesanankuğŸ˜Kurirnya ramah lagiğŸ™ğŸ’™",5
kurirnya ramah,5
"Alhmdllh pesanan sy udh sampi, bahan bgs sesuai dgn gambar, kurirx ramah. mksh lazada. smg sllu lncr. ",5
"bajunya bagus kakak nya ramah terimakasih lazada
",4
baju x bagus realpic,5
Sesuai,5
bagus terima kasih,5
Alhamdulillah sesuai harga cpt pengirimannya mksh lazada,4
"bagus realpick,cuma kgedean...
tpi puas ko....",4
"baju.y gede bgtttt, aq kira kyk toko sebelah,  tp ternyata baju.y itu bkn ukuran L tp kyk ukuran jumbo",3
bagus bahannya,5
"Bgus sih,, cba warnya ngk sesuai dgn gmbrnya",5
kurang bagus,2
alhamdulillah s sampe pesanan,5
gw sangat kecewa kurir kayak anjing gk ada ke sabaran kyk anjing gw males Belanja di Lazada ,5
Bajunya bagus,5
"bajunya kegedeann,tapi bagus sih",5
"Bagus, sesuai dgn gambar",5
"Ga sesuai pesanan, pesan'y Anha set tpi datang nya bukan ... Gmn nch mengecewakan sekali",5
barangnya bagus trima kasih lazada,5
gak kecewa belanja ditokok ini semoga amanah yah ..,5
"baju nya saya suka ğŸ‘ğŸ‘ğŸ‘ , cuma pengirimannya saja yg lama.",5
"gede banget bajunya 
malah harus di potong bajunya 
tapi barang nya okelah dengan harga segitu",5
baju'a real pict abang kurir'a dah langganan makasih lazada,5
baju nya ok bagus ..hanya kegedean buat saya ..jd hrus di kecilin dikit...g ap lah barang udh ok...,4
bjunya bagus tp ke gedeanğŸ˜¢,5
bagus makasih baju nya tapi pengiriman nya lama,4
barangnya mantap tapi kegedean ğŸ˜€ğŸ˜Œ,5
mantap baju by sesuai dengan keinginan ğŸ˜,5
sesuai pesanan makasi y ka,5
Barangnya udh nyampe bagus tapi besar banget makasih lazada,5
bagus realpict bhan tebal warna sesuai cuman size nya gede ....,5
"realpic bgt baju nya saya suka, cuman celana nya gede bgt.. 

makasih semoga sukses selalu.. ",5
Alhamdulillah baju nya sesuai,5
lumayan harga segitu bundaku suka,5
mantul bnget say,5
"barang bagus, terimakasih ",5
bagusssssğŸ˜,5
gede banget bajunyA.. harus di rombak lagi deh.. but    baju nya ku suka ,5
mf baru kasih ulasanğŸ™ğŸ™. baju nya super mantaf bguss bngtt sya mau order lgiğŸ˜šğŸ˜˜ğŸ˜šğŸ˜šğŸ˜š,5
"ok lah...,dpt bonus iner lagi terima kasih",5
Tidak mengecewakan... ,5
barang sesuai pesanan...anakku suka sekali,5
real pickğŸ˜™ğŸ˜™ğŸ˜™,5
"Bagus banget kk , mf gk smpt motoin kk krna udah lnhlgsung diambil sma customer saya kk",5
trmakasih paketan ny sdh smpe dn bgus dn mantap kurir ny . ok lazada trmakasih ğŸ‘ğŸ‘ğŸ‘,5
bagus ka bajunya,5
barang dah nyampe. ceper jg cuma 3 hari. bahannya panas. tp lumayan hanya saja celana kurang gede.,5
Alhamdulillah tidak mengecewakan barangnya bagus ,5
"bagusss bngetttt, mantap, sukses trus buat tokonya....",5
Paket sudah sampai alhamdullilah bgus tapi celana besar bngt yaudah gppğŸ˜,5
barang bagus sesuai pesanan kurir nya baik banget,5
mksh lazada...realpict.. ğŸ‘ŒğŸ‘Œ,5
"paket saya sudah sampai...realpict ,cocoklah dengan harga",5
makasih lazada barang bagus sesuai pesanan proses cepat kurir ramah,5
kurir ramah barang bagus sesuai pesanan ,5
"sya psen,nya milo ko yg datangnya dusty,,tpi gpp lah bju nya bgus ",5
Sesuai pesan'nğŸ˜Š,5
mantap ğŸ‘ğŸ‘ğŸ‘,5
"paket dteng .
puas, ukuran nha pas ....
",5
Bagus sesuai sama harga.....bahan ok.,5
bajunya bagus sekali,5
"realpict, sy suka mkasih lazada ",5
Bgs bgt.....sayang y aq gak bs unggah foto knp yah setiap ngsh ulasan gak bs ksh foto....ğŸ¤¦ğŸ¤¦,5
"udah belanja yg ke 2x,, mantaapp ga kecewa..",5
kecewa bahan tipis,2
kecewa bahanx tipis sekali,2
Kebesaran ,2
"paket da d terima tapi kecewa, jaitan tidak rapi, benang panjang tidak d potong dan bahan panas murahan",5
"Bintanya sya kurangi ya, karna aga kcewa bajunya ada noda hitam,, tidak bisa d cuci karna ada minyakÂ²nya sprti dri bkas msein",4
"pengiriman lama bangett, bajunya gede banget muat bb 70'n",3
warna'ny beda jauh bgt sma yg di gambar,3
ok,5
"barang ok
",5
bgusss,5
bagus ,5
Alhamdulillah barang nya Bagus ,5
bagus..,5
ğŸ‘,5
good,5
mantul,5
okeeee,5
Bgs,5
Realpich,5
bagus ,5
syuka tpi psen warna mika semu yg dtg 2 warna,5
Saya pesan wrna army knp yg dtng warna pink,5
Tipis banget bahan nya kirain agak tbal ,3
bintang yg berbicarağŸ˜Š,3
"brang nya udah nyampe terima kasih..
PENGIRIMAN nya sangat Lama bngtt la",3
"Alhamdulillah brang sesuai pesanan..mksh lazada
",5
bahannya baguss,5
bagus banget bju nyhğŸ˜,5
brang dah nyampe sya kecewa brangnya kurang bagus,3
Bajunya gede banget jadi gak bisa di pake harus di kecilin dulu..ğŸ˜’,5
Kurang memuaskan,5
"bajunya bagus,,cuman rempel nya gak kelihatan ,,cuma sedikit",3
bju ga sesuai poto bhan panaas ,2
bagus proses cepat kurir baik,3
"saya sangat kecewa udah kainnya panas kalu dipakek,,,gak sesuai dg harga",5
kebesaran... kepanjangan.. ,3
barang tidak sesuay sama sabek lain kali di perhatikan,1
kecewa  bangettt ğŸ˜­ğŸ˜­,1
gak sesuai apa yg di pesan kecewa,5
bagus,5
ğŸ‘,5
bgus,5
Bagus ,5
kebesaran,5
"Seler respon cepat
kwalitas ok
Baru pesen hari Selasa hari Rabu Uda sampai
Kurir langganan
Lazada mantap",5
pengiriman cepat skali.mlm pesan bsok barang datang.baju real pict.bahannya Stretch(melar) dan halus,5
"wajib langganan sih ini... pengiriman kilat,  seller supperrr ramahh.. bahan bagus tebal adem... suka bgt",5
bhannya adem Bengt... melar lg... dah beberapa beli  semua pas bngt... mksh lazada n snowshop.. Berkh ya bt kalian,5
saya jadi curiga sama aplikasi lazada.. sudah 2x saya kasi ulasan yg sedikit kecewa tidak ditampilkan... sementara kalau ualasan yg memuji tidak pernah gagal tampil... kenapa ya?????? screen shot diatas adalah buktinya...  pelanggan tidak memberi ulasan katanya.. padahal saya sudah capek capek ketik huruf demi huruf panjang x lebar... ujung2nya disensor.... tidak per..,3
"mf br smpt kasih ulasan
bjunya real pic  .bgus bgt tdak kcwa order d tko ini
brgnya cept nyampai
bang kurirnya sdh langanan yg sllu antr k rmh 
ramah .next order lgi ",5
G berani buka coz buat cust q... kyaknya realpick.. pengiriman cpt bgt order malam pagi da nyampek...kurirnya jg rama n ngasih info klo brg dtg....,5
paket'y udh sampe.pngiriman cpt bgt.paking'y juga rapih.barang'y realpic.bahan'y adem bgt aku syukak wlpun buat my moms pasti bakal syukak.pkknya puas.thanks lazada thanks seller semoga ttp amanah.ğŸ˜š,5
"barangnya bagus, adem,lentur. walaupun pernah kecewa paket ilang alhamdulillah ada obatnya barang baruğŸ˜˜ğŸ˜˜. Semoga jadi langganan pertahankan kualitasğŸ‘ŒğŸ‘ŒğŸ‘Œ",5
"Alhamdulilah..paket da sy terima,maaf telat ksih ulasn.bajunya baguuuss,bahan adem,jahitan rapi.pokoke gk kecewa blnja ditoko ini.smga slalu amanah y.pasti nex blnja trus disini.kurirnya baik dan ramah.terimakasih bwt Lazada..",5
"Masya AllahAllah' Baru Kali ini Belanja Online Bagus Sesuai Pesanan/Gambar'. Kadang Di Toko Lain Gak Sesuai Harapan,, Ini Mah Amanah BangetBanget Toko nya Respon Juga Cepat..Mas Kurir Juga Ramah Udh Langganan..Semoga Sukses Selalu Buat Toko nya.Bakal Jadi Langganan Ini mah.'!!? ",5
real pic muachhh makasih lazada,5
"Alhamdulillah barang dah nyampe, Bagus pas di badan saya sesuai dengan pesanan, pokok nya mantap sukses terus lazada pertahanan kan kualitas nya ğŸ‘ğŸ‘ğŸ‘",5
"makasih seler bajunya suka bangt,,, bagus sesuaiii gambar pokonya puas,,,,,bahannya adem d pakenya. kurirnya ramah",5
maaf lama penilainya.  harga produk baik pengirimn jg baik maksi sudah bkrja sm dngn baik.. ttp jdi langgann ya,5
"terimakasih barang nya sudah sampai dengan baik,,gamisnya bagus sesuai harga,,kurirnya juga ramah terimakasih lazada
",5
"alhamdulillah kakak saya sangat suka dengan bajunya, gak sia2 saya ngasih hadiah baju itu sama kakak saya, ",5
"kurir ramah, bhan adem dan halus, klo putih harus tetep pake dobelan daleman krn agak nrawang tpi tetep bagus",5
alhamdulillah paket udah nyampe..barang real pect packing'y juga rapi n kurir'y jg udah langganan...terima kasih lazada,5
Real pick bahannya adem walaupun tipis tapi tidak menerawang intinya good job ğŸ‘ dan untuk kurir mas Rully makasih jadi langganan dan makasih juga untuk sellernya yg kirim sesuai pesanan.,5
alhmdlh real pict ga kecewa .... pengiriman cpt trus kurir ny ramah. buat seller nya juga cepet tanggap ny ma konsumen pertahan kan ny ....ga nyesel blja di snowshop,5
maaf baru kasih ulasan  yg pasti AQ suka bajuy sesuai gambar ,5
Baju bagus.... Selller nya amanah,5
"oke banget,,custamer sy seneng banget..thanks to kurir yg dah jdi langganan...mksh lazada,n toko semoga sukses sllu..",5
alhamdulilah paket dah sampe..bahan nya tebel n  adeeeem..sesuai gambar..pokok nya mantul deh..kurir nya juga baik thanks seller n lazada..bakal langganan lagi neh,5
"Alhamdulillah da sampai barang nya,masukan saja klau bisa estimasi kirim barang nya di percepat donk",5
"alhamdulillah paket nya sudah datang
kualitas bagus, sudah 2 kali order gk pernah kecewa, ğŸ˜ŠğŸ˜Šthaks lazada, makasih juga buat abg kurirnya",5
"mantef riel pic banget bhn adem pelangganku puas banget,, kurir Super ramah lagi2 puas blnja di Lazada.. thank you pengiriman juga cepat ",5
"makasih barang sampai  dan sesuai dengan gambar,warnanya sama dengan pilihan saya,pokokny pas.pertahanin jngan smpai pelanggan kecewa ..",5
"pkoe gk pernah nyesel atau kecewa dech,,udh berkali2 pesen tp ttp amanah dn memuaskn,I love sellerku,,dn mksih lazadağŸ¥°ğŸ¥°ğŸ˜˜ğŸ˜˜ğŸ˜˜ğŸ˜˜",5
"bajunya sangat jelek,sais XL cukup dipakai anak anak.bawahanya cupet / sempit .intinya saya amat kecewa prodok lokal yg ngak bermutu.masa kalah sama produk impor,diskon besar tapi bajunya masih bagus baju di loakan samping rumahku",5
Alhamdulillah brangnya udah dtang kmarin maaf bru skrang bisa konfir .suka banget brangnya sesuai d gmbarnya Dan Pngriman cepat. ,5
"ma'af baru ngsih ulasan. bener""cantik bajux q suka bgt. pokokx top markotop. kurir jg baik. emang toko yg amanah deh",5
"paket dah sampai, realpick bagus banget jg cepat, sasampai anaknya ikutan coba, seller nya amanah, respon sngt cepat, pengirimanya rekomendasikan ntuk blanja disini, ga prnh kecewa, makasih buat seller makasih jg lazada",5
"Kalau untuk yang ini, ngk bisa berbicara apa2,ngk pernh kecewa dan ini pemesanan yang kesekian kali nya.... bagusğŸ‘ğŸ‘ğŸ‘",5
sangat bagus sesuai pesanan dan realpict,5
alhamdulilah sesui gmbar mksh kkğŸ‘,5
bajunya bagus sekali sesuai pict penjual amanah bahan bagus adem ibuku sangat suka trimakasih seller karna udah amanah,5
Maaf baru ngasih ulasan.. Terimakasih barangnya BAGUS BANGETğŸ‘ğŸ¤— tapi ada yg sedikit cacat bagian kerudungnyaâ˜¹ï¸ ngga masalah lain kali barang dicek lagi kak.. semoga bakal jadi langganan pertahankan kualitas nya yağŸ˜ŠMakasih buat Abang kurirnya ğŸ‘,5
gamis nya bagus bgt jaitan rapih tebel aku suka dan puas bgtğŸ‘ğŸ‘ğŸ‘ pas ada diskon lg makasih selalu utama kn kualitas,5
maaf brubksi tau...paketnya udh dtng bju nya sangat bagus pas d badan saya...bahan nya juga adem d badan bagussssssssssss banget saya suka....terima ksi mas kurir terlah ngirim paket saya...mas kurir nya baik hti tidak sombong ramah terima ksi,5
"Keren baju bagus adem tebal,order lagi8pcs",5
"gamisnya bagus.. sesuai gambar.. cuma udah 3 x pesan kok kependekan semua yaaa...apa akunya yg ketinggian,,,tapi sejauh ini aku puas belanja di lazada.. tingkat kan terus kualitas nya",5
bagus bajunya sesuai keingonan,5
"bajunya bagus tp kok XL kecil y,,apa g salah kirim barang y ğŸ˜ªğŸ˜ªğŸ˜ªğŸ˜ª pdhl yg bli gamis ini badanya gede ğŸ˜­",5
"assalamualaikum ka . alhamdulillah gamis ny  udh nyampe bagus bgtt , harga murah, pengiriman super cepat ..
trimakasih kurir n lazada ..ğŸ˜Š
next order lgi ",5
mantulll banget saya udah beli 34 biji buat sragam pengajian,5
"Alhamdulillah barang sudah sampai sesui pesanan 
bahan nya adem nyaman dipakai  ukuran pas  kurir nya ramah terima kasih lazada ",5
"untuk bahan bagusss banget adem, enak dipake pas buat ditubuh mamah saya.  terimakasih kepada lazada semoga kedepannya smkin maju dan sukses. 
",5
alhamdulilah barang dah sampe cepet bgt dtng nya pagi order bsk siang nyampe barang sesuai gambar tq lazada,5
"Alhamdulilah paket sudah sampai, realpict
makasih lazada dan seller... pertahankan kualitas dan kejujuran",5
Mksh seller baju nya mantap bgt sesuai diskripsi dan harga flash sale mmg dinanti2 spt diriku iniğŸ˜ğŸ˜ğŸ˜mksh ganğŸ‘ğŸ»ğŸ‘ğŸ»ğŸ‘ğŸ»,5
"alhamdulillah realpict, seller yg amanah, bhan adhem dn pas di akunya, makasih wt seller, kurir yg baik n sukses wt lazada",5
"suka banget gamisnya, simpel dan elegan.... kalau ada rezeki lagi mau order gamisnya, semoga kualitasnya tetap terjaga...",5
Maaf baru kasih ulasan suka banget sama baju nya realpict kurir nya udah langganan pengiriman ku thanks lazada semoga sukses selalu ğŸ™â˜ºâ˜ºâ˜ºğŸ™‚ğŸ™‚ğŸ™‚,5
"brang nya udah sampai, lumayan buat harga segitu mh...bhan nya adem,, sesuai dengan yg d gambarğŸ‘ğŸ» pertahan kn trus kualitas & kepuasan pelnggan yg utama, kurir nya udah langganan juga baik ramah, Poko'a mkasih seler mkasih lazada,mkasih kurir..",4
" baru kasih ulasan,bajunya ok bahanya adem pas d badan saya,pengemasan rapih tapi sayang saya aga sedikit kecewa bajunya ada yg bolong ğŸ˜‚ğŸ˜‚",3
Alhamdulillah paket datang sesuai estimasi.bajunya rielpick tp agak menerawang yğŸ˜…sesuai harga.smuanya ok.trimakasih Lazadaa,5
"Paketx sdh aq trima,gamisx sngat chantik,jahitanx sangat rapi,pas di badanku tdk sempit & tdk longgar sngat tdk mengecewakhan,kurirx sngat ramah",5
bajuc bagus.real....pengiriman cepat...mksih lazada..,5
"Barang bagus, ini orderan yg  ke 2 x nyapesen ukuran XL tp kok kecil ya , 
Maunya yg LD.120 belum melar. semoga nanti ada yg lebar dada 120cm",5
Terimakasih paket ny udh dtang..baju ny bagus bhan ny juga adem,5
bagus pokok nya tidak mengecewakan...tq lazada n seller...,5
"Baju nya bagus dan bahan nya  juga adem tapi sayang ada noda hitam di baju segaris,,, Karena sy pesan warna  putih  jadi kelihatan,,, thanks. ",4
"istri saya seneng kiriman barangnya top markotop,,,mantul dech buat Lazada Dan kurirnya",5
"mf Bru ksih ulasan,bju na mntul bget, mksih lazada.
",5
"paket dah sampai..ğŸ˜…barang real pick kak
mkasih untuk Lazada dan sellerğŸ™ğŸ™
sy puas dgn pesanan nya
lain kali bakal order lgğŸ¤—
",4
"Alhamdulillah gamis na dah dteng td siang...
cmn slah ukuran ajh, hrus na XL yg dteng L...hehe
jd agk seret/gk muat di ibu q...tp gpp c krna ibu q suka kata ne bahan na bgs adem...
tq buat seller, tq jg buat lazada n bp kurir na. ",5
"meluncur dgn sempurna,paket rapi.pesanan nya amanah bgt,baju nya bagus bingit,thanks lazada, thanks utk kurirnya ğŸ™",5
"brng smpai 3hr dr pemesanan.kurir ramah.tp sayangnya bju'y ngatung&kekecilan.sy pesankan XL  ko kecil yağŸ¤”ğŸ™,jd baju'y dipakai anak sy yg br kls 5ğŸ˜ alhamdulillah muat sm anak sy,bahan adem&hijab bgsğŸ‘.maaf sy ksh bintang 4ğŸ™",4
"alhamdulillah paket datang dengan selamat, baju nya bagus bgt, kurir ramah, poko nya mantul,  trimakasih buat toko dan lazada, suksws trus ya",5
"warna pink nya ga terlalu terang tp belum dibongkar semua semoga ga ada yg cacat, agak kurang suka karena ada list hitam dikerudungnya",5
motif krudung sh bagus tp bahan jelek tipis bngt. d pke'a teransparan bngt.  baru kali ini belanja kecewa bngt.,2
bajunya baguss aku sukaaa..  pengirimannya juga cepat..  tnx lazada. tnx kurir tnx shop,5
"maaf br ksh ulasan skrg.bajunya sdh dtg,kainnya jg dingin.realpick sesuai gambr.mksh buat tokonya,mksh jg lazada.bg kurirnya jg ramah",5
Alhamdulillah paket sudah di terima... puas banget dgn bajunya... terimakasih Lazada dan seller...kurir udh langganan ğŸ‘ğŸ‘ğŸ‘,5
"Aq suka banget, bahan nya tebel, ga nyesel aq belanja di toko ini dan pengiriman nya cepet bnget",5
MANTUL pokoknya dengan harga segitu.makasih _snowshopkita,5
bgus...enak dpkai..kainnya dingin,5
Puas banget bahan nya adem banget puaslah dengan harga segitu makasih lazada makasih seler semoga terus amanah ,5
"pengiriman cepat, baju tebal",5
trimakasihhhh. brg oke dahhh,5
barang realpict..bagus bahan adem...,5
"bgs bhnx,realpic",5
"bagus banget,, aku suka... bahan adem
makasih seller bkl jd langganan nih,kurir uda langganan",5
maksih lazada bju ny mntul bngt pus deh  mu pesen lagi dua ,5
Bagus.oke.real picture,5
Barang bagus adem,5
Express. Pelanggan saya senang sesuai pesanan ,5
"waw bagus bgt,,realfic sesuai pesanan,,pokonya puas deh ga nyesel belanja disini",5
bahan tipis siih..tpi bagus lah sesuai denhan harga segitu,5
"brangx bgussss,,,,,,sy ska....
mksih lzda,,, mksih kurirx ",5
bajunya bagus bahannya adem tp agak tipis tp gpplah bagus jg ,5
Bagus pas d badan sesuai pesanan terima kasih... ,5
"Top markotop ! Bajunya bagus bangett ,, baru kali ini beli baju di pakainya pas bangett ! Ga perlu di permak lagi ğŸ‘â˜ºï¸",5
pketny dah nympe thnks lazada?,5
terima kasih lasada paketannya udh sampai tadi siang semoga istriku suka dan cocok dan terima kasih buat snowshop ini bisa buat Nex kedepannya gw entar pesan lgi.....,4
bagus ,5
real pict bahan bagus. adem pula. ,5
"alhamdulillah jilbab nya sdh keterima dg baik, sesuai real pict,nanti mau pesan lagi, thanks lazada,kurir nya juga baik ",4
Makasih bajunya bagus bnget sesuai dg harga nya ok deh ğŸ˜‰,5
"ya alloh baju nya buaguuus banget dengan harga murah dapet baju sebagus ini mksh lazada mksh mang kulir poko nya puas deh insya alloh klo dah puya duit mu beli lagi ini juga bukan ya ga puya duit duit mh ada cuma buat beli berasğŸ˜ğŸ˜ğŸ˜ maap ya muka ya ga cantik soal ya blum MandeğŸ™ŠğŸ™ŠğŸ™Š
",5
"baju bagus, sesuai harga",5
"terima kasih barang dtg sesuai gambar
aku suka bgt. pertahankn kurirnya sgt sopan 
terima ksh lazada",5
"pokokx seneng banget, real pict dech pkokx. gk nyesel belanja ditoko in.next time order lagi. pokokx mantap markotop ğŸ¥°ğŸ¥°ğŸ¥°ğŸ¥°",5
"bajunya bagus pas bngt dibadan ,tpi ko rendanya putih,pinggiran jilbab lisnya wrna abu2 ya...

..",5
"baju nya sesuai tebal n cantik terimakasih lazada.
n toko nya semoga lancar n sukses trus amin",5
Topp baju nya baguss bgttt buat harga segitu... ,5
sdh 3 kali saya belanja di toko ini.. gk bikin kecewa.. bagus bnget.. puas pokok nya,5
baju nya bagus bnget bahan ok saya suka sekali,5
"Kereenn,  puas bnget blnja 2x order g prnh kecewa ",5
alhamdulilah paketan ny udh sampe kulir ny ramah.. bju ny bagus dan pad di saya mksih,5
"paket mendarat dg baik,kurir ramah banget  , berang memuaskan mksh lazada",5
"Maaf lama kasi ulasanya, puas bget bhanya bgus nyman di pakek, trimakasi lazadağŸ™ğŸ»",5
baju ny cantik semua.......,5
mantull bangett bgs mksh lazada mksh ma kurirnya jd pengen ngorder lg,5
"terimakasih...
paketx dh sampai..",5
"Alhamdulillah...
kesan pertama na besttttt 
proses pengiriman cepat sekali
packing na jga rapi 
semoga makin maju dan berjaya y sist toko na aamiin
pokok na senang dan puas bgt ğŸ˜˜",5
"Pokoknya mantap, sudah belanja 3 kali ditoko ini selalu memuaskan. Semua sesuai pesanan, terima kasih selera dan lazada semoga sukses.",5
"bgus kok bjunya, maaf bru ksi ulasan. warna cantik dan sesuai pesananku.mkasih utk seller,lazada jga mas kurir.",4
Bagus baju gamis dan hijab nya.. Makasih bun sesuai pesanan.. Pertahankan terus kepercayaan konsumen.. Selalu rezekinya lancar.. Aamiin.. ğŸ™The best seller..,5
"bajunya baguuus.....bahan adem..... harga bersahabat....triims utk Lazada,seller&kurir....maaf baru kasih ulasan.

.",5
"Alhamdulillah pesan an q da dtng lbih cpt dri perkiraan kmrin sore pesen hri ni sdh dtng, bju y pun bgus bngt sesuai dgn gmbar tpi syng yg ukuran xl Y kcil gk muat dibdan mertua q, mala muat dibdan q yg bb Y 60.tpi gpp aq puas bngt dngn baju Y. Kurir Y jga baik bngt ",5
"alhamdulilah barang ny udah nyampe..bahan ny bgus pas di badan ku..mksih ea tuk lazada mudah""an lbih lncar lgi..amienn..kurir ny baik..",5
"Sukaaaaaa,,,adem bahan nya,,pas juga di badan,,ğŸ˜ğŸ˜ğŸ˜ next order lagi ah,,datangnya pun cepet ngga sampai waktu estimasi",5
"sbnernya ini paket udah saya bataln knpa msih aja di kirim?ğŸ™„ baju nya real pict, cuma kekecilan bngt ke badan nya sayağŸ˜”, ya udah lah trima kasih lazadağŸ™ğŸ»ğŸ˜Š",5
"gamis bgs wrn sesuai pesananan,cm sayang sedikit,pesen uk L sm XXL,yg di terima L sm XL, mksh buat abang kurirnya...",4
harga sngat istimewa tapi bgus bhan adem melar cuma kurang tebal jdi nrawang.tpi mntul 5 bintang buat lazada 5 bintang buat mas kurinya 5 bintang buat tokonya mantuuullll ni lgi peasan lgi 6 lgi dgn warna yg berbedaâ€œ ,5
saya pesen 2 dateng barang nyh cuma 1 . sya minta d kirim yg satu lagi nyhhh.   . . sya udah byar 2 barang.   .  ,5
Alhamdulillah...gamis nya udh dateng bagus bgt dan sesuai gambar puas belanja di toko ini untuk pak kurirnya makasih bnyak,5
"bagus bajunya cuma warnanya beda,  ukuran L tapi kayaknya kecil ga tau deh muat apa ga buat mmah, semoga muat ya ",4
"paketnya udh sampe....alhamdulillah bajunya bagus banget warnanya aku suka.....semoga aj yg mau belinya juga suka ğŸ‘
bang kurir maksih ya.


",5
makasih lazada barangnya udah dateng pokoknya ga akan nyesel belanja di roko.ini orangnya amanah barangnya sesuai gambar pas lagi di badannya kulirnya jga ramah dah langganan ğŸ˜˜ğŸ˜˜ğŸ˜˜,5
paket nya sudah sampai suka bnget sma gamis nya bahan nya juga adem enak di pake nyağŸ˜» .. mkasihh seller sukses slalu ğŸ‘,5
"Alhamdulillah barang dah sampai dengan baik, respon nya cepat tanggap,dah order yang ke 2,pas sesuai dengan pesanan, makasih buat kurir nya , sukses terus snowshop, pertahankan kualitas nya good ğŸ‘ğŸ‘ğŸ‘ğŸ‘ğŸ‘ğŸ‘ğŸ‘ğŸ‘ğŸ‘ğŸ‘ğŸ‘ğŸ‘ğŸ‘ğŸ‘ğŸ‘ğŸ‘ğŸ‘ğŸ‘",5
"bagus bahan,y adem model,y jg bagus bangt...mudah""an ibu sy suka soal,y mau d kirim k kmpung
kpn"" order lgi buat sy kurir,y sopan udh lnggnan termkasih semuanya",5
"Mf bru ksh ulasan,paket mendarat dngn Selamet tp sayang bahan y tipis bngt smpe tembus pandangğŸ˜• tp lumayan jg Lh buat harga segitu mh buat kurir y udh langgananğŸ‘",5
"Allhamdulilah,, super riel fic 
Bahan nyah bagus jersey kesukaan
Terimakasih banyak kk lazada ğŸ˜ŠğŸ™
Kurir nyah baik ramah ",5
alhamdulilah pengiriman cepat .alhamdulilah sama yg di psen wrna nya realpict adem bahan nya ...alhamdulilah ibu saya suka ,5
"gamisnya mantuuullll....bahan adem dan jatuh....pas di badan...warna pun sesuai dengan pesanan..pengiriman cepat...thanks seller dan lazada..semangat terus bt bapa kurir...
",5
Terimakasih laza,5
bagus..bahan adem bgttğŸ˜,5
bahan bagus dan sesuai sma yg di foto pengirimanya sangat cepat dan pak kurir sealu ramah ...tans lazada tans jga buat selernya,5
cantik..... realpick makasih ya?,5
alhamdulillah bjnya bagus warna sesuai permintaan modelnya jg sesuai gambar bhnnya adem good job mksh lazada reseler dan abng kurirnya ğŸ‘ğŸ‘ğŸ‘ğŸ‘,5
real pick.bhn ny adem pas bgt..udh 3 kali ny blnja di sini pokok nya top dech..pertahanin nya seller..mksih lazada pengiriman nya cepatt..tp warna nya beda y sma yg di gambar..tp ga apa2 lahğŸ‘ğŸ‘ğŸ‘,5
"gamis ny cantik aq suka,terima kasih aq mau pesan lagi",5
Makasih puas banget belanja d lazada tidak mengecewakan sama sekalii ,5
"Barang nya bagus, sesuai pesanan. 
Maaf telat ngulas nya.. Mksh lazada.. ",5
"kainnya mantap, jilbabnya jg oke.. g nyesel beli disini..",5
Mksi lazada barangnya udh sampi sesuai pesanan,5
alhmdulillah sy puas bgt dngn brang ny...mksih LAZADAğŸ˜Š,5
barang ok pekingvrapih pokonamah alus lah teng you lazada,5
"alhamdulillah barangnya bagus ğŸ˜ŠğŸ˜Š , pengiriman  cepet, thanks kak, lazada , sama abg kurirnya",5
Kok kya gini ya kak bajunya,5
"alhamdulilah mmahku suka bajunya,dan juga bagus sekali,belanja di lazada selalu memuaskan.barang bagus,kiriman cepat,dan kurirnya juga sopan dan baik.",5
"barangnya nggk sesuai bngat dengan gambar nya
bahannya tipis, transparant. kurang layak kalo mau dipakai ke tempat umum",1
"order 2 barang. yg satu mulus sesuai. satu nya lgii sayang mines.. tdk sesuai expetasi. hijab nya gag di pasang renda hitam nya. hanya polos begitu saja. 

sedih klo beli gamis banyak sering kalie.. yg satu barang pastii mengecewakan. klo gag tipis, kurang jait, atw potongan bahan gag sesuaii. ",3
"trmksh kaseler bajunya udah sampai.. relpic sesuai pesanan.. pengiriman cepat katanya cuma 2 itu pas  bener banget.. tingkatkan trus pelayananya. pokoknya top deh.. jangan nyesel belanja di toko ini selernya amanah.. trmksh lazada mksh seler tuk bang kurirnya udah langanan

",4
"kaka .. barangy dah dateng.. pengirimany cpt cuman 3hri dah nyampe.. cuman bahany tipis agak nerawang,padahal hargay beda.. cuman sama tipisy ",3
tolong kl mau kirim dicek dulu..ini ada nodanya..kl gk bisa hilang ya saya yg rugi..jahitan agak kasar..ini ulasan jujur gk ngada2,2
"mantap bajunya
istri saya sgt suka sekali ğŸ‘",4
"sangat kecewa karna lain yang dipesan lain yang dikirimkan padahal pesanan orng
",1
"Warna:sesuai pesanan
Tampilan:ok

Saya sdh pesan 2 dan sesuai pesanan. Amanah dan ok bgt",5
"Tampilan:barang nya ok,,gk tipis cuma ada noda du bagian celana depan dan belakang tpi gak papa,,lumayan lah buat sehari hari mah
Warna:saya minta warna dusty pink tpi yg nympe lilac",1
"Warna:Navy
Tampilan:Oke

Paket sudah sampai,bagus cuman tipis,ntar di rangkep kaos klo makai,terimakasih",5
pesen nya warna coklat yg datang klu menurut sy si itu warna krem bukan coklat,1
"Warna:abu

pesen warna abu yang dateng warna hitam",1
"Tampilan:bagus
Warna:sesuai",5
Warna:kecewa bgt mnta wrna merah dkirim ungu,1
Barang bagusss. seller amanah. Yg dikirim sesuai apa yang di pesan..... Pengiriman cepatt sekali,1
"Sepadan dengan Uang:Jelek kaya baju harga 10 ribuan
Jangan mau beli baju di toko ini sumpah jelek banget kaya baju harga 10 ribuan, tipis banget dan gak amanah juga pesan warna abu yg di kirim warna Dongker, masih mending walaupun kualitas jelek tapi warna sesuai jadi sedikit amanah.

Buat kalian yg mau order disini mending gak usah kalau kalian gak mau nyesel",1
"Saran Tampilan:gdhd
Kualitas:hs
Styling:hd

Yg d.pesan warna abu yg datang warna navy..ğŸ˜
Tdk ada konfirmasi dulu kalo barang.nya d.ganti",1
"Styling:jelek tdk puas
Kualitas:tidak bagus
Pas untuk Acara:enggak ada pantes  dipakai untuk acara",1
"Kualitas:biasa
Sepadan dengan Uang : murah
Kenyamanan : kekecilan untuk badan ku yang Ukuran BB 67

Kekecilan tidak muat untuk BB 67",1
"Sepadan dengan Uang:apaan sepadan
Pas untuk Acara:gak sesuai
Styling:beda banget

Kagak sesuai dengan model nya mana robek lagi bajunya",1
"Sepadan dengan Uang:iya
Kenyamanan:kurang nyaman

Katanya LD 115,tapi kenapa ya gak muat cardi nya, saya LD cuma 105 .
Tolong perhatikan lgi ya, saya sudah nengok deskripsi sblum membeli tapi yg datang kekecilan",0
"Kualitas:bahan tidak sama seperti di gambar

Warna kurang pas pesan coklat datang coksu tapi tetap bagus suka kok",1
"Saran Tampilan:bagus
Pas untuk Acara:pergi saja
Kenyamanan:nyaman bngt

Bagus sesuai gmbar sesuai juga dengan harga y baju y muat celana y ketet bgt tp GPP lah bagus juga",1
"Styling:lumayan
Bahan tipis sesuai lah sama harganya..
Pengiriman cepat
Kurir ramah baik",1
Gk sesuai warna yg di pesan....sangat buruk pengiriman jg lama.,-1
"Kualitas:baik
Saran Tampilan:warna nya bukan maroon . tp merah biasa .",1
"Kenyamanan:bagus
Kualitas:baik
Saran Tampilan:mantap

Salah warna nya tpi bgus",0
"Sepadan dengan Uang:lumayan sesuai harga
Styling:kurang besar",0
"Sepadan dengan Uang:tidak
Kenyamanan:tidak
Saran Tampilan:lumayan",-1
"Pas untuk Acara:-
Saran Tampilan:nerawang
Kenyamanan:-",0
"Saran Tampilan:bugus
Pas untuk Acara:ap saja

Bugus sih.. TPI kain nx tipis dan baju nx pendak lagi...",0
Saran Tampilan:tak sesuai dgn gambar sangat kacewa,0
Barangnya sudah sampai kirain barangnya sama warnanya kayak di foto ternyata tidak,1
"Kualitas:Aku pesan,hijau,yg datng malah warna ungu",-1
"Pas untuk Acara:jelek
Saran Tampilan:jelek bahanya",-1
"Saran Tampilan:bagus
Kualitas:bagus

Apabila warna yang dipesan habis, segera konfirmasi lah, jangan asal kirim",1
"Pesan warna apa dapatnya warna apa, padahal pesan warna navy dapatnya warna hitamğŸ˜©",-1
"Styling:pesanan sudah mendarat dengan selamat..
Kualitas:hmmm kwalitas gak banget ğŸ¤­
Pas untuk Acara:malu makai nya ğŸ¤­",1
"Sedikit kecewa di pesan abu2 kok yg datang warna hitam,",0
"Kualitas:jelek
Styling:jelek

Tidak sesuai harga bahanx tipis dan jelek",-1
"Kenyamanan:bahannya tipis terawang ğŸ¤£
Saran Tampilan:celananya terlalu pas banget klau mau duduk takut sobek",0
"Pas untuk Acara:bagus
Saran Tampilan:bagus
Kualitas:bagus

Alhamdulillah amanah",1
"Kenyamanan:tidak sesuai do gambar
Sepadan dengan Uang:kainya tipis, tidak sesuai dengan uang",0
Hanya saja pengemasan nya berantakan didalem nya lipatan nya gak rapi,1
"Kualitas:Kain tipis
Kenyamanan:kurang

pesanan gk sesuai",1
"Pas untuk Acara : di rumah
Kualitas:kurang tidak sesuai order warnanya

Kecewa gk sesuai ekspetasi dan gk sesuai warna yg saya order",-1
Bahan lumayan bagus tpi kecewa siii yg d psan warna army yg DTG Mala warna ungu,0
Tampilan:bahannya  sesuai lah harga 20ribuan,-1
"Maaf y sblumnya,Kirain kaya toko sblumnya aq beli,mw coba toko deket eh ga sesuai kaya baju untuk anak2, padahal mw jd langganan,,nyesel,,baju nya aq kasih orng",0
"Warna:tdk sesuai dng yg diposting diberanda, agak kecewa sih, tapi ush terlanjur dipesan",-1
"Kecewa di gambar bahan cringkle,, datang bahan ny kaya gitu",0
Tampilan:bagus baget sesui d foto,0
"Tampilan:jelek
Warna:ok",-1
Tampilan:bahan sesuai pesan nya celana datang nya rok tidak amanah,-1
Gjeas bangtbsiii ulasan udh di terimanya barang ya Lom di terima aneh,-1
"Pket smpai.. Lama.. 
Brang datang cacat robek sngat kecewa. 
Jgn cri duit klo juaalan.. Cari berkah.. Jgn nipu orang.. Gara gara mnipu orang.. Planggan smua pergi.. Kecewa.. Mnaa tipis kcil..... Sngat kecewa. Dan kecewa blnja ditoko ini",2
"Receh bgt ya,
Tumben ya produknya Shopee tdk berkwalitas gini? 
ğŸ˜­ğŸ˜­ğŸ˜­ğŸ˜­ğŸ˜­
Ini produk tdk layak pake sm skli ya..... 
Mn kwaliti kontrolnya.",2
Barang sampai tapi cacat jahitan nya jelek sobek tapi sdhlah barang  murahan juga harap maklum,2
Bajunya ok sih...tp sobek...sebenernya suka tp jadi kurang suka karena sobek..trs ada nodanya dibelakang,2
"Tampilan:bagus
Warna:bagus

maaf ya kak saya kasih bintanhlg 1 karena tidak sesuai diskripsi, katanya bahan flanel ini yabg dateng jersey tipiiiis banget menerawang, jahitan tidak rapi, benang dan kainnya beda warna",1
"Ukuran XL kecil banget ,Bahan Jga tipis Gak sesuai banget ,nyesel deh dah bli",1
"Paket datang dgn baik 
Cmn bahannya tipis dan terawang jd hrs pakai daleman ğŸ‘•
Cmn gk papa lah makasih ya",2
"Maaf kasih bintang 1 kain sih lumayan buat harga segitu, gak realpict banget jaitan banyak rijek bolong amburadul
Lain kali kejelasan bahan dan jaitan diperbaiki lagi",2
"Gak sesuai ekspektasi, ukuran kecil ga muat di badan dan jauh banget bedanya sama di foto. Padahal badan aku terbilang kecil dan kurus tapi tetap aja ga muat, jauh banget. Itumah kaya baju buat anak kecil usia 5 tahun",2
Gw beli 2 pcs yang satunya bolong di bagian keteknya kecewa bngt pdhl itu orderan orang rugi bngt gw ukuran kecil dan kainnya nerawang kecewa bngt gw ğŸ˜Œ,1
"Tl0l gmn si masak ukuran nya ngk ada pas sampe mlh seukuran anak SD ngk jelas banget si ,jangan beli d SNI ngk jls barang nya",1
Kainnya tipis banget mana kekecilan lagi pas sy pakaiğŸ˜beda banget sama iklan tapi AP boleh buat mau nggak mau harus di ambil.mksih.,1
"Warna:no belike
Tampilan:gak oke

Ah nyesel x beliknya bahanya tipis kayak saringan teh
Uda gitu kurirnya perkara 1.000 aja pun dipermasalahkan",1
"Masya Allah ajj yaa Bahan nya super super tipis, apa hrga nya yg emang murah bgt smpai segitu nya juga tipis.",2
"Pengiriman  sangat berbeda dengan foto nya,ukurannya kecil sekali,udh saya pilih metode ukuran nya XL kenapa ukuranya s",2
"Kecewa sangat baju sangat2 jelek,. 
Seperti kain lap,. Jahit tdk rapi makanya tidak dikasih nampak baju,.",2
"Kecewa ,tidak sesuai pesanan baju kecil ,pendek,dan robek juga dekat pungung nya",2
"Bahan kasar dan tipis, tidak sesuai diskripsi. 
Kl dipake kainnya panas banget.",2
"Bahan nya  kurang bagus,  baju nya tidak sesuai yang kita ingin kan",1
"Tampilan:bahan tipis ngak kayak di foto kelihatan tebal
Warna:cocok",1
Serius gak cukup sama ukuran badan pliss bahan nya tipis mau nangis gilak,1
Baju tidak sesuai ekspetasi terlalu kecil dan bahannya tipis bgt looooohğŸ™,1
Apaan jelek kli pun baju nya yah sesuai si dngn harganya  terimakasih,1
"Pengiriman lambat sangattt,bajunya tipis tapi sesuai lah dengan harga",2
Kualitas produk kurang baik tapi ya sama dengan harga nya,2
Tampilan:tidak sesuai ekspektasi,2
"bahan tipis , jaitan kurang rapi ,bolong  lagi",1
"Jahitan ga rapi,kain tipis, baju nya bolong",1
Kecil banget baju nya kayak baju bayi sumpah ga sempet moto sih langsung ku kasih ke ponaan,2
Jeleeek bngt...udh kya elap...jeleek bngt bhanny..kecewaaa bngt beliny,1
Bahannya tipis banget ga sesuai sama gambar sedih dan kecewa banget ğŸ˜–ğŸ˜–,2
"Tampilan:bahan tipis cocok la untuk harga segitu

ğŸ‘",2
Katanya flanel ternyata bahannya kaya kaos bola tpis,1
produk tidak sesuai gambar sungguh mengecewakan sekali,1
Ah tipis lebih Kaya anak SD,1
Bahan terlalu tipis cocok lh dgn hargağŸ˜€,1
"Tampilan:bagus
Warna:cantik sih",2
Kirain kain nya tebel kayak di fto,2
Gak sesuai ukuran.malah ke kecilan,2
"Produk sesuai harga, mantap lah",2
Bahan tipis uda gitu gak sesuai,2
Bahan tipis talinya g ada .,1
Lama bangettt pengirimannya tp gpp,2
Tipis banget nyesel,2
Yyyuuiiooooooooookmmnnhhgfss HIV green HIV USB hub green HIV green HIV green hub gan gin tren HIV greenhjjjbbvgjn,1
Nyesel beli disini tipis dia aku kekecilan kecewa pokoknyağŸ˜­,2
Bahannya tipis banget,2
Tampilan:ko tipis ya bahan nya sesuai si sama harga,2
"Tampilan:tidak sesui dengan di  gambar banyak yg robek""",1
Pesan abu abu datengnya ungu,1
"Sepadan dengan Uang:sesuai harga ...tapi GC sama dengan contoh ..
Pas untuk Acara:untuk sehari hari
Kualitas:sesuai harga ...tapi jahitannya GC rapi banyak yg lepas

Lengan nya terlalu ke bawah ...kurang menarik menurut aqw",1
"Bahan tipis banget, di aku nerawang, terus kecil lagi",2
Kurang,1
mayan.,2
"Pas untuk Acara:apa sja

Bahan tipis",2
Tampilan:najis tipisss JANGAN DIBELI GASESUAI,1
Warna:celananya bagus yg saya tidak suka dengan bahan bajunya kaya bahan payung â˜”,1
Bajunya bahan panas. Celananya bagus . Gambar sesuai sama di foto,1
Kain bajunya jelek dan celananya agak kekecilan sama saya,2
,2
"Warnanya sama, masalah kecocokan foto dll ga peduli, tapi bahan bajunya yg tulisan di deskripsi ""blouse"" BOHONG BAHANNYA ITU PARASUT, lo taukan parasut kek gimana? kena ujan kek bunyi kresek.

Bahan bajunya tertulis blouse?
Bohong banget, bahan parasut.

Celananya yg blouse, bisa bedain gak?

kalau nyuruh return males gue, ribet.


Kalau protes karena gw ngasih bintang 2, lo perbaikin dulu tuh deskripsinya, aneh!!",2
"Kenyamanan:TDK nyaman
Pas untuk Acara:TDK pass untuk acaraa
Saran Tampilan:gk bguss

Gk baguss ajg bajunyaaa kek kerasss,bngt apalagi celananya tipiss bngtt kebuang uang aku 65 ribuuu belum lagi diomelin am mama pokonya gk bguss                     minimal harganyaa sama kek kualitasnya ini baju udh jlk",1
"Ko datang bajunya warna putih yaa, tapi gapapa lah",2
"Ada robek di bagian ketiak mang, sebaiknya Klo mau kirim di cek dlu barang nya",1
"Sepadan dengan Uang:tidak sepadan dengan harga
Kenyamanan:tidak nyaman
Styling:tidak

Kalau nggak minat jualan jangan jualan... 
Jahatian nggak tapi bahan tipis pokoknya tidak sesuai, 
Terimakasih",1
"KALAU MAU PACKING MENDING DI CEK DLU BARANGNYA JANGAN ASALL KIRIMMM.
PESANYA WARNA APA YG DATANG WARNA NYA APA!!!
Kecewa beratt!
PACKING ELIT
TELITI SULIT",1
"Saran Tampilan:kurang
Pas untuk Acara:gak
Kualitas:biasa aja

Bajunya gak sesuai ekspektasi tp wajar lah harga segitu kresek kresek bajunya",2
Lain kali kalau jualan yang jujur dong kak.  Masak barang bolong gini dikasi ke pembeliii.,2
TOKO TIDAK AMANAH PESAN 7 ONE SET CMN DIKIRIM 3 YANG 4 TANPA CELANA KOMPLEN TIDAK DI PROSES SEMOGA KEJUJURAN TOKONYA DI LAKUKAN,1
Gaa real pict sii masaa aku pesennyaa putih hitam malah dikasih warna celana warna hijau trus kainnya gaa memuaskan,2
"Kualitas:Lumayan

warna yang di pesan sesuai, kurang suka sama bahan baju nya, tapi gpp worth it buat harga segitu",2
"Bju nya lumayan lah cmn celana nya ga bisa dipakai,,jahitan nya ga rapi,,terpaksa hrus pakai dngn celana yang lain",2
"Yang d deakripsi produk smaa baju,,,yang datang cuma celana aja,,,,gak usah klen blanja dsni we,,,nyesall kali,,,ğŸ˜¥ğŸ˜¡",1
"Kenyamanan:pesan nya 2 stelan dtg baju satu celana 2
Kualitas:tidak amanah
Sepadan dengan Uang:kalo barang tidak ada mesti ada pembalikan uang donk.. ini harga sma tapi brang tidak sesuaiğŸ‘

Gimna nya ini. Toko tidk amanah .. pesan 2 stelan yg dtg 1 stelan 1 clna ğŸ‘ğŸ‘ğŸ‘",1
"Sepadan dengan Uang:buruk

Pesen baju stelan Dateng nya baju nya doang 
Lupa di video kan sih 
Gak amanah bgt sih",1
"Saran Tampilan:lumayan
Kualitas:aman
Kenyamanan:nyaman sih

Maaf ka bajunya kok gk ada kancingnya? Tipis banget ğŸ—¿",1
"Sangat buruk toko ini, yang dipesen warna hitam sama putih, yg datng mlh army sama putih, malah bajunya sobekkkğŸ˜¡ğŸ˜µ",1
"Saran Tampilan:tampilkan buruk, bahan tipis+jelekğŸ‘
Kenyamanan:bajunya gak serep keringatğŸ™…
Styling:burukğŸ™…",1
"Sepadan dengan Uang:lumayan
Saran Tampilan:baik
Kualitas:baik TPI celana kurang bgus",2
GK bagus banget bajunya udah sobek kok masih dijual sihğŸ˜°ğŸ˜¨ nyesel banget aku beli di toko ini,1
"Kenyamanan:bawahan nya kebesaran nggak cocok
Sepadan dengan Uang:tdk
Kualitas:7/10",2
"Celananya kekecilan terus jaitannya nggak rapi,miss V terbentuk klo pake celananya",2
"Kenyamanan:pesen baju buat anak yg dtng mlah sagede gaban
Kualitas:lumayan,,,",2
"Saran Tampilan:baju nya jelek
Kualitas:celana ny sesuai hrga lh tpi bju ny kek sampah",1
"Saran Tampilan:biasa

Bahan kainx tipis(menerawang) dan bajux terlalu kecil",2
"Kenyamanan:Kurang
Pas untuk Acara:Ga ad

Bajunya terlalu pendek dan celananya tipis",1
"Kualitas:lumayan
Styling:sesuai harga sih
Kenyamanan:enak di pakai  sehari hari",1
Sepadan dengan Uang:ya mau gk mau nama nya murah GK kn SMA dgn yg harga nya yg sepdan. kain nya panas. tangan nya GK pas d ketika,2
kalau bajunya bagus tapi kalau kulot nya jelek tipiss dann besarr sekali,1
"Styling:not worth buying
Kenyamanan:ga nyaman ,bajunya kyk bahan payung",1
Kenyamanan:bahan bajunya tidak nyaman dan panas kalau di pake,2
Sngt bagus bajunya trmksh shoppy dn untuk kurirnya hti2 d jln,2
"Kenyamanan:lmyn
Saran Tampilan:bgs, cma tps bhnny
Pas untuk Acara:pas",1
"Saran Tampilan:jahitan nya gx sesuai,, celana dan baju nya pada robek",1
Kualitas:tipis kayak kain lap tapi lumayan la sm harganya,2
"Barang jelek 
Baju nya lagi kayak jas hujan
Celananya brantakan",1
"Kualitas:sesuai harga

Bajunya kecil gak muat nyesel belinyağŸ™‚",1
"Saran Tampilan:lumayan
Sepadan dengan Uang:sepadan
Kualitas:lumayan

Pesen putih di kirim hitam hadeeeehh gimna sih ga amanah",2
Gimana ni ka saya pesen 2 yg dtg 1.. saya bayar 2 loh ka..,1
yang dikirim bajunya beda sama yang datang kecewa bangett,1
Sangat kecewa bgt sih belanja disini saya pesan 2 yg dtg cuman 1 mana bayarnya dua lagi admin ny juga ribet,2
"ga sesuai sama yg saya pesan, katanya one set pas datang kok cuma celana? kecewa bgt si
jelas jelas saya pesan nya yg one set yg isi nya celana sama baju tapi yang dtg cuma celana",1
"Jgn kegoda sama murahnya ğŸ˜…
Kualitas jelek banget ğŸ˜",1
"Saran Tampilan:jahitannya kurang rapi
Kualitas:standar sesuai sams harga
Styling:kurang puas

Lumayan kecewa sama bahannya, tapi gapapa lah sesuai harga juga bahannya",2
"Saran Tampilan:KK coba di cek kembali pesanan saya,saya pesan 4 pasang yg datang kok cuma satu pasang gimana ini KK padahal lebaran mau di pakai.saya gak mau tau ya KK tau nya uang saya kembali kasian sama anak saya dan teman 2 nya gak bisa pakai baju sama.saya ingin uang saya kembali ya KK.kalau tidak Ama toko ini akan saya viralkan",1
"Baju ank 10 Thun kok yg dtng baju emk"" gede bngt ,,GX sesuai bngt sih asal bngt jualan y",1
"Pas untuk Acara:cuaca dingin
Sepadan dengan Uang:iya
Kenyamanan:panas banget bahannya",2
"Sayaa kecewa berat

Saya beli duaaa di anter cumaa satuuu gimana dong ada yg bisa bantu",1
"Saya pesan 2 ehhh yang datang cuma satu pdhl kan byr nya 2 brng saya minta pertanggung jawaban nya, respon lama lagi kan org rugi jadi nya",1
Saran Tampilan:bagus sih tapi kenapa panjang pendekk bawah nya,1
"tokonya gk amanah barang yg dikirim tidak sesuai dengan pesanan
saya pesan setelan kemejanya gak dikirim",1
"Saran Tampilan:c
Kualitas:c

Kain bajunya keras banget,jahitan celananya gk rapi sama sekali",1
hati2 kalu beli di toko ini.ukuran di deskripsi gak sama dengan yang diterima,1
"jahitannya ga rapi, bahan nya jg jelek ga sesuai ekspetasi",2
"Maaf ya kak,aku gk tau kayak gimna barang nya,barangnya ngak sampai sma aku,aku tanya sma kekuarga juga gk ada yg nerima paketnya,jadi aku ngak tau gimna produk kknyağŸ¥°",1
"Kenyamanan:lumayan
Pas untuk Acara:cocok tpi baju nya bau min tpi enak kok di pake ğŸ˜‰
Saran Tampilan:menurut sya celana nya jgn terlalu longgar bawah nya",1
"Styling:b aja
Kualitas:kain nya tipis bgt
Kenyamanan:panas dipake",2
"Saran Tampilan:tak sesuai,baju kaku ,celana gak sesuai",2
"Kualitas:hareudanggggg
Sepadan dengan Uang:ya
Saran Tampilan:menarik

Baju nya bahanya payung / anti air . hareudang hareudang panas dan hareudanggg .",2
"celana nya lumayan si bisa di pake sehari hari, baju nya ada yang kotor, trus nerawang",2
"Sepadan dengan Uang:barang sesuai dengan hrga lah ya
Styling:gk terlalu suka bajunya, soalnya bagian bawah karet
Kenyamanan:lumayan lah",2
"sesuai sama difoto sih tp ga expect kain bajunya ternyta kyak kertas gtu dan kyaknya gampang luntur, pengirimannya jg agak lama",2
Pesan warna hitam sama army Dateng nya 1 warna aja gimana ini kk,1
"Pas untuk Acara:pake keseharian
Kualitas:tipis
Saran Tampilan:-

Tipis tapi cocok si dengan harga segitu",2
"Styling:?
Saran Tampilan:kurang 1
Sepadan dengan Uang:tidak

Mba ini mksdnya gimana ya tulisan nya setelan tp ko cuma ada celana nya doang baju nya gak ada",1
"Tidak sesuai pesanan 
Pesennya putih hitam, datengnya hitam hitam",1
"PS nyampe sih bagus,Kong PS d cuci bajunya jahitannya trlepas""
Pdhl Bru 1 kli cuci aplgu klw udh brkalii""
Llu celanany ad noda' llu susah banget kluar
DuhhhğŸ˜ ğŸ˜“",1
"Kualitas:jahitan mleyot2, pas di lengan ikut kejahit jd g bisa dipakai",2
"Kenyamanan:kaya payungg huaaağŸ˜­ğŸ¤£
Kualitas:ga bagus tpi bagus sih ah Gatau deh",2
"Tampilan:bagus tapi celananya sobek sedikit
Warna:bagus",1
"Sangat buruk, saya bayar 2 co 2 tapi yang di kirim 1, waktu live saya coba tanya, katanya suruh kirimkan video unboxing, waktu saya kirim video unboxing nya, tetapi tidak ada respon sama sekali.",1
"Tampilan:celana tidak sesuai foto  jahitan jelek

Untuk warna pas aja sesuai foto",2
"Warna:sesuai

Baju nya ke kekecilan, bahan nya kyak bahan payung",1
"Styling:setau saya kalo beli ini satu setel,eh pas paketnya Dateng TK bukak cuman baju ga ada celananya",1
"Tampilan:Bahan Nya panas malahan kaya jaket
Warna:warna nya si sesuai

kecewa banget si. Di kirain nya bahan nya bagus gatau nya malahan kaya jaket gtu bahan nya",1
"Bahan bagus tapi syg banget kurang amanah yang di pesan 2 psang yg datangnya 1 pasang ,sementara harga yg di bayar seharga 2 pasang kecewa banget si padahal disitu tertera 2 pcs tapi yg ad di dlamnya cuman 1",1
"Wearing Comfort:gak nyaman
Value for Money:harga murah
Suggested Look:tampilan sih oke

Buat kalian yang penasaran boleh dicoba tapi jangan nyesel, soalnya bahannya tuh kurang bagus gitu. Bahan bajunya kayak buat gorden. Terus celananya tipis banget. Pas nonton di live tuh yg di review keliatan bagus gitu. Pas udah CO kok gak sama kayak yang di review pas live?buat pelajaran aja ya jangan tergiur dengan harga yang murah. Buat sellernya lain mending jualan baju yang emang punya kualitas biar nggak ngecewain pelanggan.",1
"Saran Tampilan:baik
Pas untuk Acara:jalan2 aja

Bajunya bagus, cantik, keren dechh.. Maksih cuman pngirimn sangat lama lebih dari 10 hari",2
Tidak sesuai yang dipesan,2
"Sesuai harga,,agak tipis bajunya",1
